<map protocol="2.0.0">
  <meta>
    <name>Bamboo Valley RFW</name>
    <version>1.5</version>
    <creators>
      <creator>Strangey</creator>
    </creators>
  </meta>
  <teams>
    <team color="RED">
      <name>Left</name>
      <spawn>
        <location pos="-19,155,-33" yaw="-90" />
      </spawn>
    </team>
    <team color="BLUE">
      <name>Right</name>
      <spawn>
        <location pos="-19,155,-8" yaw="-90" />
      </spawn>
    </team>
  </teams>
  <startregion spawn="-28,155,-21,-90">
    <cuboid min="-43,149,-37" max="-12,164,-4" />
  </startregion>
  <regions>
    <cuboid min="-16,0,-47" max="305,255,-29">
      <owner>Left</owner>
    </cuboid>
    <cuboid min="-16,0,-12" max="305,255,6">
      <owner>Right</owner>
    </cuboid>
  </regions>
  <goals>
    <teamgoals team="Left">
      <block pos="21,94,-46" id="35,6" />
      <block pos="39,93,-38" id="35,5" />
      <block pos="49,93,-47" id="35,10" />
    </teamgoals>
    <teamgoals team="Right">
      <block pos="39,93,-3" id="35,5" />
      <block pos="49,93,6" id="35,10" />
      <block pos="21,94,5" id="35,6" />
    </teamgoals>
  </goals>
  <mechanisms>
    <lever pos="-20,155,-11">true</lever>
    <lever pos="-25,156,-20">true</lever>
    <lever pos="-20,155,-30">true</lever>
  </mechanisms>
  <gameplay>
    <clockstart>8am</clockstart>
  </gameplay>
  <protect />
</map>