{"stat.useItem.minecraft.brick_stairs":57,"stat.chestOpened":51,"stat.useItem.minecraft.lapis_ore":2,"stat.useItem.minecraft.stone":66,"stat.leaveGame":7,"stat.useItem.minecraft.sponge":10,"stat.useItem.minecraft.glowstone":7,"stat.useItem.minecraft.bedrock":198,"stat.jump":252,"stat.swimOneCm":4550,"stat.climbOneCm":4806,"stat.useItem.minecraft.planks":5,"stat.crouchOneCm":12322,"stat.useItem.minecraft.dirt":21,"achievement.exploreAllBiomes":{"value":0,"progress":["Birch Forest","Jungle","Swampland"]},"stat.useItem.minecraft.sandstone_stairs":43,"stat.useItem.minecraft.brick_block":33,"stat.flyOneCm":1249684,"stat.timeSinceDeath":93288,"stat.useItem.minecraft.sign":5,"stat.useItem.minecraft.wooden_slab":7,"stat.walkOneCm":98783,"stat.useItem.minecraft.chest":1,"stat.useItem.minecraft.log":1,"stat.useItem.minecraft.cobblestone":2,"stat.furnaceInteraction":2,"stat.useItem.minecraft.spruce_stairs":10,"stat.useItem.minecraft.stained_hardened_clay":72,"stat.useItem.minecraft.trapdoor":2,"stat.sprintOneCm":47409,"stat.useItem.minecraft.diamond_block":2,"stat.useItem.minecraft.stained_glass":7,"stat.useItem.minecraft.stone_slab":124,"achievement.openInventory":59,"stat.useItem.minecraft.barrier":33,"stat.useItem.minecraft.iron_block":2,"stat.useItem.minecraft.stonebrick":87,"stat.useItem.minecraft.wooden_door":2,"stat.useItem.minecraft.cobblestone_wall":15,"stat.drop":5,"stat.playOneMinute":93288,"stat.useItem.minecraft.diamond_ore":2,"stat.diveOneCm":1976,"stat.useItem.minecraft.sandstone":176}