<map protocol="2.0.0">
  <meta>
    <name>Erosion DX</name>
    <version>1.9.4</version>
    <creators>
      <creator>Arahpthos</creator>
      <creator>csarpaul</creator>
    </creators>
  </meta>
  <teams>
    <team color="DARK_GREEN">
      <name>Right</name>
      <spawn>
        <location pos="-15,152,14" yaw="90" />
      </spawn>
    </team>
    <team color="GOLD">
      <name>Left</name>
      <spawn>
        <location pos="14,152,14" yaw="-90" />
      </spawn>
    </team>
  </teams>
  <startregion spawn="0,155,0,0">
    <cuboid min="-25,150,-16" max="24,175,15" />
  </startregion>
  <regions>
    <cuboid min="8,0,13" max="23,255,420">
      <owner>Left</owner>
    </cuboid>
    <cuboid min="-24,0,13" max="-9,255,420">
      <owner>Right</owner>
    </cuboid>
  </regions>
  <mechanisms>
    <lever pos="-23,152,14">true</lever>
    <lever pos="-1,153,12">true</lever>
    <lever pos="22,152,14">true</lever>
  </mechanisms>
  <gameplay>
    <clockstart>8am</clockstart>
  </gameplay>
  <protect />
  <goals>
    <teamgoals team="Right">
      <block pos="-21,89,68" id="35,12" />
      <block pos="-21,90,70" id="35,4" />
      <block pos="-21,90,66" id="35,1" />
      <block pos="-21,91,72" id="35,14" />
    </teamgoals>
    <teamgoals team="Left">
      <block pos="20,90,70" id="35,4" />
      <block pos="20,90,66" id="35,1" />
      <block pos="20,91,72" id="35,14" />
      <block pos="20,89,68" id="35,12" />
    </teamgoals>
  </goals>
</map>