<map protocol="2.0.0">
  <meta>
    <name>Entropy</name>
    <version>1.2.5</version>
    <creators>
      <creator>ChillerFrost</creator>
      <creator>FirefoxJones</creator>
      <creator>MoreLikeHalberd</creator>
    </creators>
  </meta>
  <teams>
    <team color="BLUE">
      <name>Left</name>
      <spawn>
        <location pos="85,142,460" yaw="-90" />
      </spawn>
    </team>
    <team color="GOLD">
      <name>Right</name>
      <spawn>
        <location pos="85,142,483" yaw="-90" />
      </spawn>
    </team>
  </teams>
  <startregion spawn="73,145,472,0">
    <cuboid min="50,129,445" max="86,194,495" />
  </startregion>
  <regions>
    <cuboid min="84,0,480" max="391,255,498">
      <owner>Right</owner>
    </cuboid>
    <cuboid min="84,0,445" max="391,255,463">
      <owner>Left</owner>
    </cuboid>
  </regions>
  <goals>
    <teamgoals team="Left">
      <block pos="332,12,450" id="35,2" />
      <block pos="338,12,458" id="35,9" />
      <block pos="328,12,456" id="35,5" />
    </teamgoals>
    <teamgoals team="Right">
      <block pos="332,12,493" id="35,2" />
      <block pos="328,12,487" id="35,5" />
      <block pos="338,12,485" id="35,9" />
    </teamgoals>
  </goals>
  <mechanisms>
    <lever pos="85,142,485">true</lever>
    <lever pos="85,142,458">true</lever>
  </mechanisms>
  <gameplay>
    <clockstart>8am</clockstart>
  </gameplay>
  <protect>
    <entity>350972c7-39e4-116e-8a94-7d1be147e79d</entity>
    <entity>608c84ba-69b0-1bb3-8db2-872bbc22693d</entity>
    <entity>653d1c71-b92a-178a-8c09-2e0fd774a519</entity>
    <entity>6d598c4f-f706-40c7-b98d-b2c1e1f49b38</entity>
    <entity>04bc1364-4a62-15a1-8f26-fc4cdcb22b8a</entity>
    <entity>3d0aa7e6-ab7f-4c40-95ff-6e3f66a2df9b</entity>
    <entity>55e3fc3a-1524-13d6-89a9-c20a63bb9db9</entity>
    <entity>4cd2e879-3dbf-1a62-8df8-80bed1ee4b65</entity>
    <entity>20422458-20c5-17ff-803a-e295e2480efa</entity>
    <entity>33d04cd7-0dfa-48c7-8a72-5f23e51b33ee</entity>
    <entity>79e27814-2159-12c3-8a31-f28f13140b48</entity>
    <entity>4e7d0e0a-e9af-1c45-8690-c2203759da9b</entity>
  </protect>
</map>