<map protocol="2.0.0">
  <meta>
    <name>PrecessionBeta</name>
    <version>1.2</version>
    <creators>
      <creator>Arahpthos</creator>
    </creators>
  </meta>
  <teams>
    <team color="GOLD">
      <name>Left</name>
      <spawn>
        <location pos="-75,65,907" yaw="270" />
      </spawn>
    </team>
    <team color="GREEN">
      <name>Right</name>
      <spawn>
        <location pos="-90,65,907" yaw="90" />
      </spawn>
    </team>
  </teams>
  <startregion spawn="-82,68,893,0">
    <cuboid min="-107,63,877" max="-58,75,908" />
  </startregion>
  <regions>
    <cuboid min="-105,0,909" max="-91,250,1240">
      <owner>Right</owner>
    </cuboid>
    <cuboid min="-74,0,909" max="-60,250,1240">
      <owner>Left</owner>
    </cuboid>
  </regions>
  <goals>
    <teamgoals team="Left">
      <block pos="-67,111,1050" id="35,5" />
      <block pos="-67,111,1052" id="35,1" />
      <block pos="-67,111,1051" id="35,4" />
    </teamgoals>
    <teamgoals team="Right">
      <block pos="-98,111,1052" id="35,1" />
      <block pos="-98,111,1051" id="35,4" />
      <block pos="-98,111,1050" id="35,5" />
    </teamgoals>
  </goals>
  <mechanisms>
    <lever pos="-82,65,893">true</lever>
    <lever pos="-98,65,898">true</lever>
    <lever pos="-83,66,905">true</lever>
    <lever pos="-68,65,898">true</lever>
    <air pos="-82,65,895">true</air>
    <lever pos="-105,65,907">true</lever>
    <redstone_torch_on pos="-59,65,906">true</redstone_torch_on>
    <lever pos="-106,66,905">true</lever>
    <lever pos="-60,65,907">true</lever>
    <lever pos="-59,66,905">true</lever>
  </mechanisms>
  <gameplay>
    <clockstart>8am</clockstart>
  </gameplay>
  <protect />
</map>