<map protocol="2.0.0">
  <meta>
    <name>Sylvan Cliffs</name>
    <version>5.0</version>
    <creators>
      <creator>SubAtomicPanda</creator>
    </creators>
  </meta>
  <teams>
    <team color="BLUE">
      <name>Right</name>
      <spawn>
        <location pos="-20,108,117" yaw="-90" />
      </spawn>
    </team>
    <team color="RED">
      <name>Left</name>
      <spawn>
        <location pos="-20,108,92" yaw="-91" />
      </spawn>
    </team>
  </teams>
  <startregion spawn="-29,110,104,269">
    <cuboid min="-50,102,88" max="-15,118,121" />
  </startregion>
  <regions>
    <cuboid min="-16,25,90" max="324,151,96">
      <owner>Left</owner>
    </cuboid>
    <cuboid min="-16,25,113" max="324,151,119">
      <owner>Right</owner>
    </cuboid>
  </regions>
  <goals>
    <teamgoals team="Right">
      <block pos="82,91,116" id="35,9" />
      <block pos="80,91,116" id="35,6" />
      <block pos="84,91,116" id="35,4" />
    </teamgoals>
    <teamgoals team="Left">
      <block pos="80,91,93" id="35,6" />
      <block pos="84,91,93" id="35,4" />
      <block pos="82,91,93" id="35,9" />
    </teamgoals>
  </goals>
  <mechanisms>
    <lever pos="-18,109,96">true</lever>
    <lever pos="-18,109,113">true</lever>
  </mechanisms>
  <gameplay>
    <clockstart>8am</clockstart>
  </gameplay>
  <protect />
</map>