<map protocol="2.0.0">
  <meta>
    <name>RainEater</name>
    <version>4.2.1</version>
    <creators>
      <creator>csarpaul</creator>
    </creators>
  </meta>
  <teams>
    <team color="GREEN">
      <name>Right</name>
      <spawn>
        <location pos="14,153,-639" yaw="90" />
      </spawn>
    </team>
    <team color="GOLD">
      <name>Left</name>
      <spawn>
        <location pos="33,153,-639" yaw="270" />
      </spawn>
    </team>
  </teams>
  <startregion spawn="23,156,-653,357">
    <cuboid min="-1,150,-671" max="49,173,-638" />
  </startregion>
  <regions>
    <cuboid min="34,1,-367" max="49,51,-367">
      <owner>Right</owner>
      <owner>Left</owner>
    </cuboid>
    <cuboid min="34,14,-371" max="49,30,-371">
      <owner>Right</owner>
      <owner>Left</owner>
    </cuboid>
    <cuboid min="-2,4,-368" max="13,51,-367">
      <owner>Right</owner>
      <owner>Left</owner>
    </cuboid>
    <cuboid min="-2,1,-366" max="13,164,-335">
      <owner>Right</owner>
      <owner>Left</owner>
    </cuboid>
    <cuboid min="-2,1,-640" max="13,164,-366">
      <owner>Right</owner>
    </cuboid>
    <cuboid min="34,7,-369" max="49,43,-369">
      <owner>Right</owner>
      <owner>Left</owner>
    </cuboid>
    <cuboid min="-16,1,-334" max="63,201,-255">
      <owner>Right</owner>
      <owner>Left</owner>
    </cuboid>
    <cuboid min="34,7,-368" max="49,47,-368">
      <owner>Right</owner>
      <owner>Left</owner>
    </cuboid>
    <cuboid min="34,19,-372" max="49,25,-372">
      <owner>Right</owner>
      <owner>Left</owner>
    </cuboid>
    <cuboid min="34,1,-640" max="49,164,-366">
      <owner>Left</owner>
    </cuboid>
    <cuboid min="34,10,-370" max="49,37,-370">
      <owner>Right</owner>
      <owner>Left</owner>
    </cuboid>
    <cuboid min="-2,19,-372" max="13,25,-372">
      <owner>Right</owner>
      <owner>Left</owner>
    </cuboid>
    <cuboid min="34,1,-366" max="49,164,-335">
      <owner>Right</owner>
      <owner>Left</owner>
    </cuboid>
    <cuboid min="-2,14,-371" max="13,30,-371">
      <owner>Right</owner>
      <owner>Left</owner>
    </cuboid>
    <cuboid min="-2,7,-370" max="13,37,-369">
      <owner>Right</owner>
      <owner>Left</owner>
    </cuboid>
  </regions>
  <goals>
    <teamgoals team="Right">
      <block pos="11,74,-584" id="35,15" />
      <block pos="-1,76,-591" id="35,12" />
      <block pos="12,74,-603" id="35,13" />
    </teamgoals>
    <teamgoals team="Left">
      <block pos="48,76,-591" id="35,12" />
      <block pos="36,74,-584" id="35,15" />
      <block pos="35,74,-603" id="35,13" />
    </teamgoals>
  </goals>
  <mechanisms>
    <lever pos="23,154,-638">true</lever>
    <lever pos="15,154,-639">true</lever>
    <lever pos="32,154,-639">true</lever>
  </mechanisms>
  <gameplay>
    <clockstart>8am</clockstart>
  </gameplay>
  <protect />
</map>