<map protocol="2.0.0">
  <meta>
    <name>RainEaterTE</name>
    <version>4.3.1.1.1.1</version>
    <creators>
      <creator>csarpaul</creator>
    </creators>
  </meta>
  <teams>
    <team color="GREEN">
      <name>Right</name>
      <spawn>
        <location pos="14,153,-639" yaw="90" />
      </spawn>
    </team>
    <team color="GOLD">
      <name>Left</name>
      <spawn>
        <location pos="33,153,-639" yaw="-90" />
      </spawn>
    </team>
  </teams>
  <startregion spawn="24,156,-653,1">
    <cuboid min="-1,0,-670" max="48,255,-638" />
  </startregion>
  <regions>
    <cuboid min="34,0,-640" max="49,255,-247">
      <owner>Left</owner>
    </cuboid>
    <cuboid min="-2,0,-640" max="13,255,-247">
      <owner>Right</owner>
    </cuboid>
  </regions>
  <goals>
    <teamgoals team="Right">
      <block pos="12,74,-603" id="35,13" />
      <block pos="11,74,-584" id="35,15" />
      <block pos="-1,76,-591" id="35,12" />
    </teamgoals>
    <teamgoals team="Left">
      <block pos="36,74,-584" id="35,15" />
      <block pos="35,74,-603" id="35,13" />
      <block pos="48,76,-591" id="35,12" />
    </teamgoals>
  </goals>
  <mechanisms>
    <lever pos="23,154,-638">true</lever>
    <lever pos="32,154,-639">true</lever>
    <lever pos="15,154,-639">true</lever>
  </mechanisms>
  <gameplay>
    <clockstart>8am</clockstart>
  </gameplay>
  <protect />
</map>