<map protocol="2.0.0">
  <meta>
    <name>Twisted Ruins</name>
    <version>1.2.6</version>
    <creators>
      <creator>zzrules21</creator>
    </creators>
  </meta>
  <teams>
    <team color="DARK_PURPLE">
      <name>Purple</name>
      <spawn>
        <location pos="-6,154,22" yaw="86" />
      </spawn>
    </team>
    <team color="DARK_AQUA">
      <name>Cyan</name>
      <spawn>
        <location pos="-13,154,49" yaw="271" />
      </spawn>
    </team>
  </teams>
  <startregion spawn="-14,155,-82,0">
    <cuboid min="-15,151,15" max="-2,159,30" />
    <cuboid min="-23,151,-106" max="-4,164,-75" />
    <cuboid min="-17,151,41" max="-4,159,56" />
  </startregion>
  <regions>
    <cuboid min="-69,0,-12" max="22,255,-1">
      <owner>Cyan</owner>
    </cuboid>
    <cuboid min="-69,0,100" max="50,255,111">
      <owner>Cyan</owner>
    </cuboid>
    <cuboid min="-69,0,-12" max="-58,255,111">
      <owner>Cyan</owner>
    </cuboid>
    <cuboid min="-41,0,16" max="-30,255,83">
      <owner>Purple</owner>
    </cuboid>
    <cuboid min="-41,0,72" max="50,255,83">
      <owner>Purple</owner>
    </cuboid>
    <cuboid min="-69,0,-40" max="50,255,-29">
      <owner>Purple</owner>
    </cuboid>
    <cuboid min="-13,0,44" max="22,255,55">
      <owner>Cyan</owner>
    </cuboid>
    <cuboid min="39,0,-40" max="50,255,83">
      <owner>Purple</owner>
    </cuboid>
    <cuboid min="-41,0,16" max="-6,255,27">
      <owner>Purple</owner>
    </cuboid>
    <cuboid min="11,0,-12" max="22,255,55">
      <owner>Cyan</owner>
    </cuboid>
  </regions>
  <goals>
    <teamgoals team="Purple">
      <block pos="41,81,26" id="35,2" />
      <block pos="44,83,24" id="35,4" />
      <block pos="44,82,28" id="35,3" />
    </teamgoals>
    <teamgoals team="Cyan">
      <block pos="-60,81,45" id="35,2" />
      <block pos="-63,82,43" id="35,3" />
      <block pos="-63,83,47" id="35,4" />
    </teamgoals>
  </goals>
  <mechanisms>
    <lever pos="-8,154,49">true</lever>
    <lever pos="-11,154,22">true</lever>
  </mechanisms>
  <gameplay>
    <clockstart>8am</clockstart>
  </gameplay>
  <protect />
</map>